	id	image
0	1	1.png
1	2	2.png
2	3	3.png
3	4	4.png
4	5	5.png
5	6	6.png
6	7	7.png
7	8	8.png
8	9	9.png
9	10	10.png
10	11	11.png
11	12	12.png
12	13	13.png
13	14	14.png
14	15	15.png
15	16	16.png
16	17	17.png
17	18	18.png
18	19	19.png
19	20	20.png
20	21	21.png
21	22	22.png
22	23	23.png
23	24	24.png
24	25	25.png
25	26	26.png
26	27	27.png
27	28	28.png
28	29	29.png
29	30	30.png
30	31	31.png
31	32	32.png
32	33	33.png
33	34	34.png
34	35	35.png
35	36	36.png
36	37	37.png
37	38	38.png
38	39	39.png
39	40	40.png
40	41	41.png
41	42	42.png
42	43	43.png
43	44	44.png
44	45	45.png
45	46	46.png
46	47	47.png
47	48	48.png
48	49	49.png
49	50	50.png
